model,1,2
PCA,0.3005533348795245,0.3012057285266009
