model,1,2
PCA,-0.02523697712145978,-0.026420469278086278
